alert_id,set,customer_id,expected_disposition,expected_typologies,expected_risk_score,expected_risk_band,hitl_required,score_factors,rationale
ALR-2026-0601,error_analysis,CUST-100263,Escalate to Principal Officer,Structuring,45,Medium,Yes,kyc_Medium;typology:structuring;velocity_anomaly,"Repeated near-threshold cash deposits across 3 branches, then bulk RTGS out."
ALR-2026-0602,error_analysis,CUST-100264,Escalate to Principal Officer,Structuring,45,Medium,Yes,kyc_Medium;typology:structuring;velocity_anomaly,"Repeated near-threshold cash deposits across 3 branches, then bulk RTGS out."
ALR-2026-0603,error_analysis,CUST-100265,Escalate to Principal Officer,Structuring,45,Medium,Yes,kyc_Medium;typology:structuring;velocity_anomaly,"Repeated near-threshold cash deposits across 3 branches, then bulk RTGS out."
ALR-2026-0604,error_analysis,CUST-100266,Escalate to Principal Officer,Money mule,35,Low,Yes,kyc_Low;typology:mule;velocity_anomaly,Student account receiving many small credits from unrelated senders and sweeping them to one counterparty the same day.
ALR-2026-0605,error_analysis,CUST-100267,Escalate to Principal Officer,Money mule,35,Low,Yes,kyc_Low;typology:mule;velocity_anomaly,Student account receiving many small credits from unrelated senders and sweeping them to one counterparty the same day.
ALR-2026-0606,error_analysis,CUST-100268,Escalate to Principal Officer,Money mule,35,Low,Yes,kyc_Low;typology:mule;velocity_anomaly,Student account receiving many small credits from unrelated senders and sweeping them to one counterparty the same day.
ALR-2026-0607,error_analysis,CUST-100269,Escalate to Principal Officer,Layering via high-risk jurisdiction,75,High,Yes,kyc_High;hrj_exposure;typology:layering;velocity_anomaly,"Large SWIFT inflow from a high-risk jurisdiction with vague narration, split to five individuals the next day."
ALR-2026-0608,error_analysis,CUST-100270,Escalate to Principal Officer,Layering via high-risk jurisdiction,60,Medium,Yes,kyc_Medium;hrj_exposure;typology:layering;velocity_anomaly,"Large SWIFT inflow from a high-risk jurisdiction with vague narration, split to five individuals the next day."
ALR-2026-0609,error_analysis,CUST-100271,Escalate to Principal Officer,Round-tripping,45,Medium,Yes,kyc_Medium;typology:round-tripping;velocity_anomaly,Three cycles of payment out and ~97% back in from an entity sharing a director.
ALR-2026-0610,error_analysis,CUST-100272,Escalate to Principal Officer,Round-tripping,45,Medium,Yes,kyc_Medium;typology:round-tripping;velocity_anomaly,Three cycles of payment out and ~97% back in from an entity sharing a director.
ALR-2026-0611,error_analysis,CUST-100273,Escalate to Principal Officer,Dormant account reactivation;Money mule,35,Low,Yes,kyc_Low;typology:mule;velocity_anomaly,Dormant account reactivated days after a contact-detail change; pass-through to the same collector used by mule accounts.
ALR-2026-0612,error_analysis,CUST-100274,Escalate to Principal Officer,Unexplained wealth - PEP,65,Medium,Yes,kyc_High;pep;velocity_anomaly;adverse_media,Rs 50+ lakh from a contractor under inquiry to a PEP associate with salary income; no source-of-funds evidence.
ALR-2026-0613,error_analysis,CUST-100275,Close - No Further Action,None,0,Low,No,kyc_Low;velocity_anomaly;legit_explanation_verified,Credit matches registered sale deed on file.
ALR-2026-0614,error_analysis,CUST-100276,Close - No Further Action,None,0,Low,No,kyc_Low;velocity_anomaly;legit_explanation_verified,Credit matches registered sale deed on file.
ALR-2026-0615,error_analysis,CUST-100277,Close - No Further Action,None,0,Low,No,kyc_Low;velocity_anomaly;legit_explanation_verified,Credit matches registered sale deed on file.
ALR-2026-0616,error_analysis,CUST-100278,Close - No Further Action,None,5,Low,No,kyc_Medium;velocity_anomaly;legit_explanation_verified,"Seasonal festival cash sales at the home branch, supported by GST returns and prior-year pattern; amounts not clustered below thresholds."
ALR-2026-0617,error_analysis,CUST-100279,Close - No Further Action,None,5,Low,No,kyc_Medium;velocity_anomaly;legit_explanation_verified,"Seasonal festival cash sales at the home branch, supported by GST returns and prior-year pattern; amounts not clustered below thresholds."
ALR-2026-0618,error_analysis,CUST-100280,Close - No Further Action,None,5,Low,No,kyc_Medium;velocity_anomaly;legit_explanation_verified,"Seasonal festival cash sales at the home branch, supported by GST returns and prior-year pattern; amounts not clustered below thresholds."
ALR-2026-0619,error_analysis,CUST-100281,Close - No Further Action,None,0,Low,No,kyc_Low;velocity_anomaly;legit_explanation_verified,Belmora is under increased monitoring only (not high-risk); remittance from own salary account for documented house purchase.
ALR-2026-0620,error_analysis,CUST-100282,Close - No Further Action,None,0,Low,No,kyc_Low;velocity_anomaly;legit_explanation_verified,Belmora is under increased monitoring only (not high-risk); remittance from own salary account for documented house purchase.
ALR-2026-0621,error_analysis,CUST-100283,Close - No Further Action,None,0,Low,No,kyc_Low;velocity_anomaly;legit_explanation_verified,Employer bonus with letter on file.
ALR-2026-0622,error_analysis,CUST-100284,Close - No Further Action,None,0,Low,No,kyc_Low;velocity_anomaly;legit_explanation_verified,Employer bonus with letter on file.
ALR-2026-0623,error_analysis,CUST-100285,Close - No Further Action,None,0,Low,No,kyc_Low;velocity_anomaly;legit_explanation_verified,Insurance maturity / inheritance with supporting documents.
ALR-2026-0624,error_analysis,CUST-100286,Close - No Further Action,None,0,Low,No,kyc_Low;velocity_anomaly;legit_explanation_verified,Insurance maturity / inheritance with supporting documents.
ALR-2026-0625,error_analysis,CUST-100287,Close - No Further Action,None,0,Low,No,kyc_Low;velocity_anomaly;legit_explanation_verified,Bank's own home-loan disbursal paid to builder per demand letter.
ALR-2026-0626,error_analysis,CUST-100288,Close - No Further Action,None,0,Low,No,kyc_Low;velocity_anomaly;legit_explanation_verified,Bank's own home-loan disbursal paid to builder per demand letter.
ALR-2026-0627,error_analysis,CUST-100289,Close - No Further Action,None,0,Low,No,kyc_Low,Near-match name; date of birth and nationality differ (two secondary identifiers) - clear as false match per DCB-PRC-SCR s3.
ALR-2026-0628,error_analysis,CUST-100290,Close - No Further Action,None,0,Low,No,kyc_Low,Near-match name; date of birth and nationality differ (two secondary identifiers) - clear as false match per DCB-PRC-SCR s3.
ALR-2026-0629,error_analysis,CUST-100291,Close - No Further Action,None,0,Low,No,kyc_Medium;legit_explanation_verified,"Jewellery retailer with seasonal cash sales consistent with GST filings; single-branch, varied amounts."
ALR-2026-0630,error_analysis,CUST-100292,Close - No Further Action,None,0,Low,No,kyc_Medium;legit_explanation_verified,"Jewellery retailer with seasonal cash sales consistent with GST filings; single-branch, varied amounts."
